{"conference": "ICML", "VERSION": "v1", "DATE_OF_SUBMISSION": "2-Oct-2007", "title": "Prediction with expert advice for the Brier game", "abstract": "In this technical report I show that the Brier game of prediction is perfectly mixable and find the optimal learning rate and substitution function for it. These results are straightforward, but the computations are surprisingly messy.", "histories": [["v1", "Tue, 2 Oct 2007 10:08:41 GMT  (9kb)", "http://arxiv.org/abs/0710.0485v1", "10 pages"], ["v2", "Fri, 27 Jun 2008 18:45:01 GMT  (940kb)", "http://arxiv.org/abs/0710.0485v2", "34 pages, 22 figures, 2 tables. The conference version (8 pages) is published in the ICML 2008 Proceedings"]], "COMMENTS": "10 pages", "reviews": [], "SUBJECTS": "cs.LG", "authors": ["vladimir vovk", "fedor zhdanov"], "accepted": true, "id": "0710.0485"}
