{"conference": "ICML", "VERSION": "v1", "DATE_OF_SUBMISSION": "29-Dec-2008", "title": "Importance weighted active learning", "abstract": "We propose an importance weighting framework for actively labeling samples. This technique yields practical yet sound active learning algorithms for general loss functions. Experiments on passively labeled data show that this approach effectively reduces the label complexity required to achieve good prediction performance on many learning problems.", "histories": [["v1", "Mon, 29 Dec 2008 18:29:08 GMT  (199kb)", "https://arxiv.org/abs/0812.4952v1", null], ["v2", "Fri, 6 Feb 2009 20:56:24 GMT  (183kb)", "http://arxiv.org/abs/0812.4952v2", null], ["v3", "Thu, 7 May 2009 13:14:45 GMT  (201kb)", "http://arxiv.org/abs/0812.4952v3", null], ["v4", "Wed, 20 May 2009 17:40:23 GMT  (201kb)", "http://arxiv.org/abs/0812.4952v4", null]], "reviews": [], "SUBJECTS": "cs.LG", "authors": ["alina beygelzimer", "sanjoy dasgupta", "john langford"], "accepted": true, "id": "0812.4952"}
