{"conference": "ICML", "VERSION": "v1", "DATE_OF_SUBMISSION": "12-Feb-2009", "title": "Feature hashing for large scale multitask learning", "abstract": "Empirical evidence suggests that hashing is an effective strategy for dimensionality reduction and practical nonparametric estimation. In this paper we provide exponential tail bounds for feature hashing and show that the interaction between random subspaces is negligible with high probability. We demonstrate the feasibility of this approach with experimental results for a new use case -- multitask learning with hundreds of thousands of tasks.", "histories": [["v1", "Thu, 12 Feb 2009 20:06:36 GMT  (875kb)", "http://arxiv.org/abs/0902.2206v1", null], ["v2", "Wed, 1 Apr 2009 16:18:39 GMT  (875kb)", "http://arxiv.org/abs/0902.2206v2", null], ["v3", "Wed, 20 May 2009 19:05:20 GMT  (554kb)", "http://arxiv.org/abs/0902.2206v3", null], ["v4", "Thu, 21 May 2009 21:18:40 GMT  (875kb)", "http://arxiv.org/abs/0902.2206v4", null], ["v5", "Sat, 27 Feb 2010 15:32:35 GMT  (543kb)", "http://arxiv.org/abs/0902.2206v5", "Fixed broken theorem"]], "reviews": [], "SUBJECTS": "cs.AI", "authors": ["kilian q weinberger", "anirban dasgupta 0001", "john langford", "alexander j smola", "josh attenberg"], "accepted": true, "id": "0902.2206"}
