{"conference": "arxiv", "VERSION": "v1", "DATE_OF_SUBMISSION": "26-Nov-2009", "title": "Standardization of the formal representation of lexical information for NLP", "abstract": "A survey of dictionary models and formats is presented as well as a presentation of corresponding recent standardisation activities.", "histories": [["v1", "Thu, 26 Nov 2009 16:27:58 GMT  (297kb)", "http://arxiv.org/abs/0911.5116v1", null]], "reviews": [], "SUBJECTS": "cs.CL", "authors": ["laurent romary"], "accepted": false, "id": "0911.5116"}
