{"conference": "arxiv", "VERSION": "v1", "DATE_OF_SUBMISSION": "10-Nov-2009", "title": "Standards for Language Resources", "abstract": "The goal of this paper is two-fold: to present an abstract data model for linguistic annotations and its implementation using XML, RDF and related standards; and to outline the work of a newly formed committee of the International Standards Organization (ISO), ISO/TC 37/SC 4 Language Resource Management, which will use this work as its starting point.", "histories": [["v1", "Tue, 10 Nov 2009 07:12:03 GMT  (66kb)", "http://arxiv.org/abs/0911.1842v1", "Colloque avec actes et comit\\'e de lecture. internationale"]], "COMMENTS": "Colloque avec actes et comit\\'e de lecture. internationale", "reviews": [], "SUBJECTS": "cs.CL", "authors": ["nancy ide", "laurent romary"], "accepted": false, "id": "0911.1842"}
