{"conference": "arxiv", "VERSION": "v1", "DATE_OF_SUBMISSION": "30-Nov-2009", "title": "Acquisition d'informations lexicales \\`a partir de corpus C\\'edric Messiant et Thierry Poibeau", "abstract": "This paper is about automatic acquisition of lexical information from corpora, especially subcategorization acquisition.", "histories": [["v1", "Mon, 30 Nov 2009 08:07:16 GMT  (41kb)", "http://arxiv.org/abs/0911.5568v1", "3 pages"]], "COMMENTS": "3 pages", "reviews": [], "SUBJECTS": "cs.CL cs.AI", "authors": ["c\\'edric messiant", "thierry poibeau"], "accepted": false, "id": "0911.5568"}
