{"conference": "arxiv", "VERSION": "v1", "DATE_OF_SUBMISSION": "31-Jan-2010", "title": "Dominion -- A constraint solver generator", "abstract": "This paper proposes a design for a system to generate constraint solvers that are specialised for specific problem models. It describes the design in detail and gives preliminary experimental results showing the feasibility and effectiveness of the approach.", "histories": [["v1", "Sun, 31 Jan 2010 15:46:56 GMT  (21kb,D)", "http://arxiv.org/abs/1002.0136v1", null]], "reviews": [], "SUBJECTS": "cs.AI", "authors": ["lars kotthoff"], "accepted": false, "id": "1002.0136"}
