{"conference": "arxiv", "VERSION": "v1", "DATE_OF_SUBMISSION": "4-Feb-2010", "title": "On Event Structure in the Torn Dress", "abstract": "Using Pustejovsky's \"The Syntax of Event Structure\" and Fong's \"On Mending a Torn Dress\" we give a glimpse of a Pustejovsky-like analysis to some example sentences in Fong. We attempt to give a framework for semantics to the noun phrases and adverbs as appropriate as well as the lexical entries for all words in the examples and critique both papers in light of our findings and difficulties.", "histories": [["v1", "Thu, 4 Feb 2010 06:30:14 GMT  (11kb,D)", "http://arxiv.org/abs/1002.0904v1", "17 pages; a 2003 report"]], "COMMENTS": "17 pages; a 2003 report", "reviews": [], "SUBJECTS": "cs.CL", "authors": ["serguei a mokhov"], "accepted": false, "id": "1002.0904"}
