{"conference": "arxiv", "VERSION": "v1", "DATE_OF_SUBMISSION": "4-Feb-2010", "title": "Towards a Heuristic Categorization of Prepositional Phrases in English with WordNet", "abstract": "This document discusses an approach and its rudimentary realization towards automatic classification of PPs; the topic, that has not received as much attention in NLP as NPs and VPs. The approach is a rule-based heuristics outlined in several levels of our research. There are 7 semantic categories of PPs considered in this document that we are able to classify from an annotated corpus.", "histories": [["v1", "Thu, 4 Feb 2010 22:48:31 GMT  (16kb,D)", "http://arxiv.org/abs/1002.1095v1", "8 pages; 4 tables; 1 figure; a year 2003 report"]], "COMMENTS": "8 pages; 4 tables; 1 figure; a year 2003 report", "reviews": [], "SUBJECTS": "cs.CL", "authors": ["frank rudzicz", "serguei a mokhov"], "accepted": false, "id": "1002.1095"}
