{"conference": "NIPS", "VERSION": "v1", "DATE_OF_SUBMISSION": "27-Feb-2010", "title": "Learning from Logged Implicit Exploration Data", "abstract": "We provide a sound and consistent foundation for the use of \\emph{nonrandom} exploration data in \"contextual bandit\" or \"partially labeled\" settings where only the value of a chosen action is learned.", "histories": [["v1", "Sat, 27 Feb 2010 17:53:46 GMT  (45kb)", "https://arxiv.org/abs/1003.0120v1", null], ["v2", "Mon, 14 Jun 2010 16:06:16 GMT  (45kb)", "http://arxiv.org/abs/1003.0120v2", null]], "reviews": [], "SUBJECTS": "cs.LG cs.AI", "authors": ["alexander l strehl", "john langford", "lihong li", "sham kakade"], "accepted": true, "id": "1003.0120"}
