{"conference": "arxiv", "VERSION": "v1", "DATE_OF_SUBMISSION": "25-May-2010", "title": "The Lambek-Grishin calculus is NP-complete", "abstract": "The Lambek-Grishin calculus LG is the symmetric extension of the non-associative Lambek calculus NL. In this paper we prove that the derivability problem for LG is NP-complete.", "histories": [["v1", "Tue, 25 May 2010 20:36:09 GMT  (13kb)", "https://arxiv.org/abs/1005.4697v1", null], ["v2", "Mon, 31 May 2010 20:16:29 GMT  (13kb)", "http://arxiv.org/abs/1005.4697v2", null], ["v3", "Wed, 25 Aug 2010 13:10:44 GMT  (13kb)", "http://arxiv.org/abs/1005.4697v3", null]], "reviews": [], "SUBJECTS": "cs.CL", "authors": ["jeroen bransen"], "accepted": false, "id": "1005.4697"}
