{"conference": "arxiv", "VERSION": "v1", "DATE_OF_SUBMISSION": "29-May-2010", "title": "Quantitative parametrization of texts written by Ivan Franko: An attempt of the project", "abstract": "In the article, the project of quantitative parametrization of all texts by Ivan Franko is manifested. It can be made only by using modern computer techniques after the frequency dictionaries for all Franko's works are compiled. The paper describes the application spheres, methodology, stages, principles and peculiarities in the compilation of the frequency dictionary of the second half of the 19th century - the beginning of the 20th century. The relation between the Ivan Franko frequency dictionary, explanatory dictionary of writer's language and text corpus is discussed.", "histories": [["v1", "Sat, 29 May 2010 16:37:02 GMT  (223kb)", "http://arxiv.org/abs/1005.5466v1", "20 pages, in Ukrainian"]], "COMMENTS": "20 pages, in Ukrainian", "reviews": [], "SUBJECTS": "cs.CL", "authors": ["solomiya buk"], "accepted": false, "id": "1005.5466"}
