{"conference": "arxiv", "VERSION": "v1", "DATE_OF_SUBMISSION": "27-May-2010", "title": "A Formalization of the Turing Test", "abstract": "The paper offers a mathematical formalization of the Turing test. This formalization makes it possible to establish the conditions under which some Turing machine will pass the Turing test and the conditions under which every Turing machine (or every Turing machine of the special class) will fail the Turing test.", "histories": [["v1", "Thu, 27 May 2010 05:59:56 GMT  (553kb,X)", "http://arxiv.org/abs/1005.4989v1", "10 pages"]], "COMMENTS": "10 pages", "reviews": [], "SUBJECTS": "cs.AI", "authors": ["evgeny chutchev"], "accepted": false, "id": "1005.4989"}
