{"conference": "arxiv", "VERSION": "v1", "DATE_OF_SUBMISSION": "7-Jun-2010", "title": "Game Information System", "abstract": "In this Information system age many organizations consider information system as their weapon to compete or gain competitive advantage or give the best services for non profit organizations. Game Information System as combining Information System and game is breakthrough to achieve organizations\\^a performance. The Game Information System will run the Information System with game and how game can be implemented to run the Information System. Game is not only for fun and entertainment, but will be a challenge to combine fun and entertainment with Information System. The Challenge to run the information system with entertainment, deliver the entertainment with information system all at once. Game information system can be implemented in many sectors as like the information system itself but in difference\\^as view. A view of game which people can joy and happy and do their transaction as a fun things.", "histories": [["v1", "Mon, 7 Jun 2010 07:22:30 GMT  (315kb)", "http://arxiv.org/abs/1006.1190v1", "14 pages"], ["v2", "Thu, 10 Jun 2010 02:44:03 GMT  (315kb)", "http://arxiv.org/abs/1006.1190v2", "14 pages"]], "COMMENTS": "14 pages", "reviews": [], "SUBJECTS": "cs.AI", "authors": ["spits warnars h l h"], "accepted": false, "id": "1006.1190"}
