{"conference": "NIPS", "VERSION": "v1", "DATE_OF_SUBMISSION": "31-Aug-2010", "title": "Inference with Multivariate Heavy-Tails in Linear Models", "abstract": "Heavy-tailed distributions naturally occur in many real life problems. Unfortunately, it is typically not possible to compute inference in closed-form in graphical models which involve such heavy-tailed distributions.", "histories": [["v1", "Tue, 31 Aug 2010 14:31:57 GMT  (69kb)", "http://arxiv.org/abs/1008.5325v1", "In Neural Information Processing System (NIPS) 2010, Dec. 2010, Vancouver, Canada"], ["v2", "Fri, 5 Nov 2010 15:26:53 GMT  (131kb)", "http://arxiv.org/abs/1008.5325v2", "In Neural Information Processing System (NIPS) 2010, Dec. 2010, Vancouver, Canada"], ["v3", "Mon, 8 Nov 2010 16:14:02 GMT  (101kb)", "http://arxiv.org/abs/1008.5325v3", "In Neural Information Processing System (NIPS) 2010, Dec. 2010, Vancouver, Canada"], ["v4", "Mon, 21 Mar 2011 15:54:54 GMT  (134kb)", "http://arxiv.org/abs/1008.5325v4", "In Neural Information Processing System (NIPS) 2010, Dec. 2010, Vancouver, Canada"]], "COMMENTS": "In Neural Information Processing System (NIPS) 2010, Dec. 2010, Vancouver, Canada", "reviews": [], "SUBJECTS": "cs.LG cs.IT math.IT", "authors": ["danny bickson", "carlos guestrin"], "accepted": true, "id": "1008.5325"}
