{"conference": "arxiv", "VERSION": "v1", "DATE_OF_SUBMISSION": "25-Nov-2010", "title": "On Theorem 2.3 in \"Prediction, Learning, and Games\" by Cesa-Bianchi and Lugosi", "abstract": "The note presents a modified proof of a loss bound for the exponentially weighted average forecaster with time-varying potential. The regret term of the algorithm is upper-bounded by sqrt{n ln(N)} (uniformly in n), where N is the number of experts and n is the number of steps.", "histories": [["v1", "Thu, 25 Nov 2010 18:52:30 GMT  (2kb)", "http://arxiv.org/abs/1011.5668v1", "3 pages; excerpt fromarXiv:1005.1918, simplified and rewritten using the notation of the monograph by Cesa-Bianchi and Lugosi"]], "COMMENTS": "3 pages; excerpt fromarXiv:1005.1918, simplified and rewritten using the notation of the monograph by Cesa-Bianchi and Lugosi", "reviews": [], "SUBJECTS": "cs.LG", "authors": ["alexey chernov"], "accepted": false, "id": "1011.5668"}
