{"conference": "arxiv", "VERSION": "v1", "DATE_OF_SUBMISSION": "8-Dec-2010", "title": "Using Semantic Wikis for Structured Argument in Medical Domain", "abstract": "This research applies ideas from argumentation theory in the context of semantic wikis, aiming to provide support for structured-large scale argumentation between human agents. The implemented prototype is exemplified by modelling the MMR vaccine controversy.", "histories": [["v1", "Wed, 8 Dec 2010 00:34:17 GMT  (160kb,D)", "http://arxiv.org/abs/1012.1654v1", "in Adrian Paschke, Albert Burger, Andrea Splendiani, M. Scott Marshall, Paolo Romano: Proceedings of the 3rd International Workshop on Semantic Web Applications and Tools for the Life Sciences, Berlin,Germany, December 8-10, 2010"]], "COMMENTS": "in Adrian Paschke, Albert Burger, Andrea Splendiani, M. Scott Marshall, Paolo Romano: Proceedings of the 3rd International Workshop on Semantic Web Applications and Tools for the Life Sciences, Berlin,Germany, December 8-10, 2010", "reviews": [], "SUBJECTS": "cs.AI", "authors": ["adrian groza", "radu balaj"], "accepted": false, "id": "1012.1654"}
