{"conference": "arxiv", "VERSION": "v1", "DATE_OF_SUBMISSION": "8-Dec-2010", "title": "First steps in the logic-based assessment of post-composed phenotypic descriptions", "abstract": "In this paper we present a preliminary logic-based evaluation of the integration of post-composed phenotypic descriptions with domain ontologies. The evaluation has been performed using a description logic reasoner together with scalable techniques: ontology modularization and approximations of the logical difference between ontologies.", "histories": [["v1", "Wed, 8 Dec 2010 00:47:59 GMT  (328kb,D)", "http://arxiv.org/abs/1012.1659v1", "in Adrian Paschke, Albert Burger, Andrea Splendiani, M. Scott Marshall, Paolo Romano: Proceedings of the 3rd International Workshop on Semantic Web Applications and Tools for the Life Sciences, Berlin,Germany, December 8-10, 2010"]], "COMMENTS": "in Adrian Paschke, Albert Burger, Andrea Splendiani, M. Scott Marshall, Paolo Romano: Proceedings of the 3rd International Workshop on Semantic Web Applications and Tools for the Life Sciences, Berlin,Germany, December 8-10, 2010", "reviews": [], "SUBJECTS": "cs.AI cs.LO", "authors": ["ernesto jimenez-ruiz", "bernardo cuenca grau", "rafael berlanga", "dietrich rebholz-schuhmann"], "accepted": false, "id": "1012.1659"}
