{"conference": "arxiv", "VERSION": "v1", "DATE_OF_SUBMISSION": "8-Dec-2010", "title": "Creating a new Ontology: a Modular Approach", "abstract": "Creating a new Ontology: a Modular Approach", "histories": [["v1", "Wed, 8 Dec 2010 00:41:20 GMT  (24kb)", "http://arxiv.org/abs/1012.1658v1", "in Adrian Paschke, Albert Burger, Andrea Splendiani, M. Scott Marshall, Paolo Romano: Proceedings of the 3rd International Workshop on Semantic Web Applications and Tools for the Life Sciences, Berlin,Germany, December 8-10, 2010"]], "COMMENTS": "in Adrian Paschke, Albert Burger, Andrea Splendiani, M. Scott Marshall, Paolo Romano: Proceedings of the 3rd International Workshop on Semantic Web Applications and Tools for the Life Sciences, Berlin,Germany, December 8-10, 2010", "reviews": [], "SUBJECTS": "cs.AI", "authors": ["julia dmitrieva", "fons j verbeek"], "accepted": false, "id": "1012.1658"}
