{"conference": "arxiv", "VERSION": "v1", "DATE_OF_SUBMISSION": "8-Dec-2010", "title": "Scientific Collaborations: principles of WikiBridge Design", "abstract": "Semantic wikis, wikis enhanced with Semantic Web technologies, are appropriate systems for community-authored knowledge models. They are particularly suitable for scientific collaboration. This paper details the design principles ofWikiBridge, a semantic wiki.", "histories": [["v1", "Wed, 8 Dec 2010 11:43:37 GMT  (194kb)", "http://arxiv.org/abs/1012.1743v1", "in Adrian Paschke, Albert Burger begin_of_the_skype_highlighting end_of_the_skype_highlighting, Andrea Splendiani, M. Scott Marshall, Paolo Romano: Proceedings of the 3rd International Workshop on Semantic Web Applications and Tools for the Life Sciences, Berlin,Germany, December 8-10, 2010"]], "COMMENTS": "in Adrian Paschke, Albert Burger begin_of_the_skype_highlighting end_of_the_skype_highlighting, Andrea Splendiani, M. Scott Marshall, Paolo Romano: Proceedings of the 3rd International Workshop on Semantic Web Applications and Tools for the Life Sciences, Berlin,Germany, December 8-10, 2010", "reviews": [], "SUBJECTS": "cs.AI", "authors": ["eric leclercq", "marinette savonnet"], "accepted": false, "id": "1012.1743"}
