{"conference": "arxiv", "VERSION": "v1", "DATE_OF_SUBMISSION": "28-Feb-2011", "title": "Practical inventory routing: A problem definition and an optimization method", "abstract": "The global objective of this work is to provide practical optimization methods to companies involved in inventory routing problems, taking into account this new type of data. Also, companies are sometimes not able to deal with changing plans every period and would like to adopt regular structures for serving customers.", "histories": [["v1", "Mon, 28 Feb 2011 10:42:29 GMT  (376kb)", "http://arxiv.org/abs/1102.5635v1", null]], "reviews": [], "SUBJECTS": "cs.AI", "authors": ["martin josef geiger", "marc sevaux"], "accepted": false, "id": "1102.5635"}
