{"conference": "arxiv", "VERSION": "v1", "DATE_OF_SUBMISSION": "26-Feb-2011", "title": "Back and Forth Between Rules and SE-Models (Extended Version)", "abstract": "Rules in logic programming encode information about mutual interdependencies between literals that is not captured by any of the commonly used semantics. This information becomes essential as soon as a program needs to be modified or further manipulated.", "histories": [["v1", "Sat, 26 Feb 2011 03:06:55 GMT  (30kb)", "https://arxiv.org/abs/1102.5385v1", "25 pages"], ["v2", "Tue, 1 Mar 2011 18:08:20 GMT  (30kb)", "http://arxiv.org/abs/1102.5385v2", "25 pages; extended version of the paper accepted for LPNMR 2011"]], "COMMENTS": "25 pages", "reviews": [], "SUBJECTS": "cs.AI", "authors": ["martin slota", "jo\\~ao leite"], "accepted": false, "id": "1102.5385"}
