{"conference": "arxiv", "VERSION": "v1", "DATE_OF_SUBMISSION": "3-Mar-2011", "title": "Learning transformed product distributions", "abstract": "We consider the problem of learning an unknown product distribution $X$ over $\\{0,1\\}^n$ using samples $f(X)$ where $f$ is a \\emph{known} transformation function. Each choice of a transformation function $f$ specifies a learning problem in this framework.", "histories": [["v1", "Thu, 3 Mar 2011 02:46:51 GMT  (41kb)", "http://arxiv.org/abs/1103.0598v1", null]], "reviews": [], "SUBJECTS": "cs.LG", "authors": ["constantinos daskalakis", "ilias diakonikolas", "rocco a servedio"], "accepted": false, "id": "1103.0598"}
