{"conference": "arxiv", "VERSION": "v1", "DATE_OF_SUBMISSION": "24-Mar-2011", "title": "On Understanding and Machine Understanding", "abstract": "In the present paper, we try to propose a self-similar network theory for the basic understanding. By extending the natural languages to a kind of so called idealy sufficient language, we can proceed a few steps to the investigation of the language searching and the language understanding of AI.", "histories": [["v1", "Thu, 24 Mar 2011 03:35:24 GMT  (8kb)", "http://arxiv.org/abs/1103.5034v1", "14 pages"]], "COMMENTS": "14 pages", "reviews": [], "SUBJECTS": "cs.AI", "authors": ["tong chern"], "accepted": false, "id": "1103.5034"}
