{"conference": "arxiv", "VERSION": "v1", "DATE_OF_SUBMISSION": "11-Apr-2011", "title": "Materials to the Russian-Bulgarian Comparative Dictionary \"EAD\"", "abstract": "This article presents a fragment of a new comparative dictionary \"A comparative dictionary of names of expansive action in Russian and Bulgarian languages\". Main features of the new web-based comparative dictionary are placed, the principles of its formation are shown, primary links between the word-matches are classified. The principal difference between translation dictionaries and the model of double comparison is also shown. The classification scheme of the pages is proposed. New concepts and keywords have been introduced. The real prototype of the dictionary with a few key pages is published. The broad debate about the possibility of this prototype to become a version of Russian-Bulgarian comparative dictionary of a new generation is available.", "histories": [["v1", "Mon, 11 Apr 2011 19:50:50 GMT  (706kb)", "http://arxiv.org/abs/1104.2034v1", "Bulgarian Rusistics; Vol. 1 (2010)"]], "COMMENTS": "Bulgarian Rusistics; Vol. 1 (2010)", "reviews": [], "SUBJECTS": "cs.CL", "authors": ["yavor angelov parvanov"], "accepted": false, "id": "1104.2034"}
