{"conference": "arxiv", "VERSION": "v1", "DATE_OF_SUBMISSION": "28-Apr-2011", "title": "Selected Operations, Algorithms, and Applications of n-Tape Weighted Finite-State Machines", "abstract": "A weighted finite-state machine with n tapes (n-WFSM) defines a rational relation on n strings. It is a generalization of weighted acceptors (one tape) and transducers (two tapes).", "histories": [["v1", "Thu, 28 Apr 2011 11:44:33 GMT  (43kb)", "https://arxiv.org/abs/1104.5362v1", "15 pages, 7 figures, LaTeX (+ .eps)"], ["v2", "Fri, 29 Apr 2011 09:38:16 GMT  (42kb)", "http://arxiv.org/abs/1104.5362v2", "15 pages, 7 figures, LaTeX (+ .eps)"]], "COMMENTS": "15 pages, 7 figures, LaTeX (+ .eps)", "reviews": [], "SUBJECTS": "cs.FL cs.CL", "authors": ["andr\\'e kempe"], "accepted": false, "id": "1104.5362"}
