{"conference": "arxiv", "VERSION": "v1", "DATE_OF_SUBMISSION": "17-May-2011", "title": "Xapagy: a cognitive architecture for narrative reasoning", "abstract": "We introduce the Xapagy cognitive architecture: a software system designed to perform narrative reasoning. The architecture has been designed from scratch to model and mimic the activities performed by humans when witnessing, reading, recalling, narrating and talking about stories.", "histories": [["v1", "Tue, 17 May 2011 20:28:31 GMT  (659kb,DS)", "http://arxiv.org/abs/1105.3486v1", null]], "reviews": [], "SUBJECTS": "cs.AI", "authors": ["ladislau b\\\"ol\\\"oni"], "accepted": false, "id": "1105.3486"}
