{"conference": "arxiv", "VERSION": "v1", "DATE_OF_SUBMISSION": "3-Jun-2011", "title": "Semantics for Possibilistic Disjunctive Programs", "abstract": "In this paper, a possibilistic disjunctive logic programming approach for modeling uncertain, incomplete and inconsistent information is defined. This approach introduces the use of possibilistic disjunctive clauses which are able to capture incomplete information and incomplete states of a knowledge base at the same time.", "histories": [["v1", "Fri, 3 Jun 2011 22:57:06 GMT  (165kb)", "http://arxiv.org/abs/1106.0776v1", "37 pages, 5 figures. To appear in Theory and Practice of Logic Programming (TPLP)"]], "COMMENTS": "37 pages, 5 figures. To appear in Theory and Practice of Logic Programming (TPLP)", "reviews": [], "SUBJECTS": "cs.AI cs.LO cs.PL", "authors": ["juan carlos nieves", "mauricio osorio", "ulises cort\\'es"], "accepted": false, "id": "1106.0776"}
