{"conference": "arxiv", "VERSION": "v1", "DATE_OF_SUBMISSION": "27-Jun-2011", "title": "Clasificarea distribuita a mesajelor de e-mail", "abstract": "A basic component in Internet applications is the electronic mail and its various implications. The paper proposes a mechanism for automatically classifying emails and create dynamic groups that belong to these messages. Proposed mechanisms will be based on natural language processing techniques and will be designed to facilitate human-machine interaction in this direction.", "histories": [["v1", "Mon, 27 Jun 2011 06:24:34 GMT  (849kb)", "http://arxiv.org/abs/1106.5308v1", "ISSN 1453-1305"]], "COMMENTS": "ISSN 1453-1305", "reviews": [], "SUBJECTS": "cs.HC cs.CL", "authors": ["florin pop", "diana petrescu", "\\c{s}tefan trau\\c{s}an-matu"], "accepted": false, "id": "1106.5308"}
