{"conference": "arxiv", "VERSION": "v1", "DATE_OF_SUBMISSION": "27-Jun-2011", "title": "Entropy of Telugu", "abstract": "This paper presents an investigation of the entropy of the Telugu script. Since this script is syllabic, and not alphabetic, the computation of entropy is somewhat complicated.", "histories": [["v1", "Mon, 27 Jun 2011 20:13:07 GMT  (379kb)", "http://arxiv.org/abs/1106.5973v1", null]], "reviews": [], "SUBJECTS": "cs.CL", "authors": ["venkata ravinder paruchuri"], "accepted": false, "id": "1106.5973"}
